period,sales_usd_m,operating_income_usd_m
2001-01-01,67314,4339
2001-04-01,71092,4282
2001-07-01,65794,3000
2001-10-01,62511,1323
2001 computed sum of four quarters,266711,12944
2002-01-01,59258,2314
2002-04-01,67190,4016
2002-07-01,64161,3661
2002-10-01,61801,2198
2002 computed sum of four quarters,252410,12189
2008-01-01,95034,8069
2008-04-01,104446,10026
2008-07-01,101527,8556
2008-10-01,94937,6133
2008 computed sum of four quarters,395944,32784
2009-01-01,79734,4035
2009-04-01,77184,4792
2009-07-01,74200,4433
2009-10-01,74692,3982
2009 computed sum of four quarters,305810,17242
2014-01-01,103632,8194
2014-04-01,113191,11855
2014-07-01,111388,10592
2014-10-01,110736,8811
2014 computed sum of four quarters,438947,39452
2015-01-01,100891,7985
2015-04-01,106247,9133
2015-07-01,101998,7264
2015-10-01,95983,5007
2015 computed sum of four quarters,405119,29389
2016-01-01,88101,4069
2016-04-01,98150,7447
2016-07-01,90593,6583
2016-10-01,88433,4937
2016 computed sum of four quarters,365277,23036
2019-01-01,101299,7472
2019-04-01,110493,9945
2019-07-01,109442,9162
2019-10-01,100779,8189
2019 computed sum of four quarters,422013,34768
2020-01-01,91376,6657
2020-04-01,88183,5200
2020-07-01,93703,7735
2020-10-01,93736,5465
2020 computed sum of four quarters,366998,25057
