series,year,period,value,flags
JTU320000000000000HIR,2025,M01,2.7,
JTU320000000000000HIR,2025,M02,2.3,
JTU320000000000000HIR,2025,M03,2.3,
JTU320000000000000HIR,2025,M04,2.6,
JTU320000000000000HIR,2025,M05,2.4,
JTU320000000000000HIR,2025,M06,2.5,
JTU320000000000000HIR,2025,M07,2.3,
JTU320000000000000HIR,2025,M08,2.1,
JTU320000000000000HIR,2025,M09,2.4,
JTU320000000000000HIR,2025,M10,2.1,
JTU320000000000000HIR,2025,M11,1.5,
JTU320000000000000HIR,2025,M12,1.2,
JTU320000000000000HIR,2025,ANNUAL_SUM_OF_MONTHLY_RATES,26.4,computed by the extract
