column,value
File date updated (cell B1),2026-01-05
Industry name,Machinery
Number of firms,105
Dividends,6954.041
Net Income,20804.484
Payout,0.33425684
Dividends + Buybacks,18732.537
Cash Return as % of Net Income,0.90040863
Dividends + Buybacks - Stock Issuances,17350.934
FCFE (before debt cash flows),22524.533
FCFE (after debt cash flows),22559.629
Net Cash Returned/FCFE (pre-debt),0.77031271
Net Cash Returned/FCFE (post-debt),0.76911433
Net Cash Returned/ Net Income,0.83399973
Cash/ Firm Value,0.029141915
